File,Accuracy,Precision,Recall,F1 Score
40_mr_result_sorted_top_507_method_end-to-end.csv,0.4990138067061144,0.4990138067061144,0.5,0.49950641658440276
40_mr_result_sorted_top_507_method_fast.csv,0.5009861932938856,0.5009861932938856,0.5019762845849802,0.5014807502467916
40_mr_result_sorted_top_507_method_no-transform.csv,0.5029585798816568,0.5029585798816568,0.5039525691699605,0.5034550839091806
