File,Accuracy,Precision,Recall,F1 Score
5_mr_result_sorted_top_490_method_end-to-end.csv,0.29183673469387755,0.29183673469387755,0.29243353783231085,0.2921348314606742
5_mr_result_sorted_top_490_method_fast.csv,0.2857142857142857,0.2857142857142857,0.28629856850715746,0.28600612870275793
5_mr_result_sorted_top_490_method_no-transform.csv,0.2857142857142857,0.2857142857142857,0.28629856850715746,0.28600612870275793
