File,Accuracy,Precision,Recall,F1 Score
100_mr_result_sorted_top_487_method_end-to-end.csv,0.6344969199178645,0.6344969199178645,0.6358024691358025,0.6351490236382323
100_mr_result_sorted_top_487_method_fast.csv,0.6344969199178645,0.6344969199178645,0.6358024691358025,0.6351490236382323
100_mr_result_sorted_top_487_method_no-transform.csv,0.6406570841889117,0.6406570841889117,0.6419753086419753,0.6413155190133607
